{
	"textures": {
		"0": "tcc:block/phantom_item_frame",
		"particle": "tcc:block/phantom_item_frame"
	},
	"elements": [
		{
			"from": [3, -5, 8],
			"to": [13, 5, 8.5],
			"faces": {
				"north": {"uv": [3, 3, 13, 13], "texture": "#0"},
				"south": {"uv": [3, 3, 13, 13], "texture": "#0"}
			}
		},
		{
			"from": [2, -6, 7.5],
			"to": [14, -5, 8.5],
			"faces": {
				"north": {"uv": [2, 15, 14, 16], "texture": "#0"},
				"east": {"uv": [0, 13, 1, 14], "texture": "#0"},
				"south": {"uv": [2, 15, 14, 16], "texture": "#0"},
				"west": {"uv": [15, 13, 16, 14], "texture": "#0"},
				"up": {"uv": [2, 15, 14, 16], "texture": "#0"},
				"down": {"uv": [2, 0, 14, 1], "texture": "#0"}
			}
		},
		{
			"from": [2, 5, 7.5],
			"to": [14, 6, 8.5],
			"faces": {
				"north": {"uv": [2, 0, 14, 1], "texture": "#0"},
				"east": {"uv": [0, 2, 1, 3], "texture": "#0"},
				"south": {"uv": [2, 0, 14, 1], "texture": "#0"},
				"west": {"uv": [15, 2, 16, 3], "texture": "#0"},
				"up": {"uv": [2, 15, 14, 16], "texture": "#0"},
				"down": {"uv": [2, 0, 14, 1], "texture": "#0"}
			}
		},
		{
			"from": [2, -5, 7.5],
			"to": [3, 5, 8.5],
			"faces": {
				"north": {"uv": [15, 3, 16, 13], "texture": "#0"},
				"east": {"uv": [0, 3, 1, 13], "texture": "#0"},
				"south": {"uv": [0, 3, 1, 13], "texture": "#0"},
				"west": {"uv": [15, 3, 16, 13], "texture": "#0"}
			}
		},
		{
			"from": [13, -5, 7.5],
			"to": [14, 5, 8.5],
			"faces": {
				"north": {"uv": [0, 3, 1, 13], "texture": "#0"},
				"east": {"uv": [0, 3, 1, 13], "texture": "#0"},
				"south": {"uv": [15, 3, 16, 13], "texture": "#0"},
				"west": {"uv": [15, 3, 16, 13], "texture": "#0"}
			}
		}
	],
	"display": {
		"ground": {
			"scale": [0, 0, 0]
		},
		"fixed": {
			"translation": [0, 0, -16],
			"scale": [2, 2, 2]
		}
	}
}