{
	"block.industrial.place": {
		"sounds": [
			"bubblellaneous:block/industrial/place"
		],
		"subtitle": "subtitles.block.generic.place"
	},
	"block.wood.place": {
		"sounds": [
			"minecraft:dig/wood1",
			"minecraft:dig/wood2",
			"minecraft:dig/wood3",
			"minecraft:dig/wood4"
		],
		"subtitle": "subtitles.block.generic.place"
	},
	"block.wood.sit": {
		"sounds": [
			"bubblellaneous:block/seat/wood"
		]
	},
	"block.wool.place": {
		"sounds": [
			"dig/cloth1",
			"dig/cloth2",
			"dig/cloth3",
			"dig/cloth4"
		],
		"subtitle": "subtitles.block.generic.place"
	},
	"block.wool.sit": {
		"sounds": [
			"bubblellaneous:block/seat/soft"
		]
	},
	"block.lock.click": {
		"sounds": [
			"bubblellaneous:block/lock/click"
		]
	},
	"block.lock.register": {
		"sounds": [
			"bubblellaneous:block/lock/register"
		]
	},
	"block.lock.unlock": {
		"sounds": [
			"bubblellaneous:block/lock/unlock"
		]
	},
	"block.security_alarm.alarm": {
		"sounds": [
			{
				"name": "bubblellaneous:block/security_alarm/alarm",
				"volume": 0.7,
				"attenuation_distance": 32
			}
		]
	},
	"block.motion_sensor.scan": {
		"category": "block",
		"sounds": [
			{
				"name": "bubblellaneous:block/motion_sensor/scan",
				"volume": 0.25,
				"attenuation_distance": 32
			}
		]
	},
	"block.bear_trap.close": {
		"category": "block",
		"sounds": [
			{
				"name": "bubblellaneous:block/bear_trap/close",
				"volume": 1
			}
		]
	},
	"block.electrical_box.disable": {
		"category": "block",
		"sounds": [
			{
				"name": "bubblellaneous:block/electrical_box/disable",
				"volume": 0.4,
				"pitch": 1.5
			}
		]
	},
	"block.electrical_box.enable": {
		"category": "block",
		"sounds": [
			{
				"name": "bubblellaneous:block/electrical_box/enable",
				"volume": 0.4,
				"pitch": 1.5
			}
		]
	},
	"block.safe_block.open": {
		"category": "block",
		"sounds": [
			{
				"name": "bubblellaneous:block/safe_block/open",
				"volume": 0.4
			}
		]
	},
	"block.safe_block.close": {
		"category": "block",
		"sounds": [
			{
				"name": "bubblellaneous:block/safe_block/close",
				"volume": 0.4
			}
		]
	},
	"block.telescope.view": {
		"category": "block",
		"sounds": [
			"bubblellaneous:block/telescope/view1",
			"bubblellaneous:block/telescope/view2",
			"bubblellaneous:block/telescope/view3"
		]
	},
	"block.telescope.exit": {
		"category": "block",
		"sounds": [
			"bubblellaneous:block/telescope/exit1",
			"bubblellaneous:block/telescope/exit2"
		]
	}
}
