{
	"credit": "Bubblellaneous - by bbfh",
	"parent": "minecraft:block/block",
	"texture_size": [
		32,
		32
	],
	"textures": {
		"particle": "bubblellaneous:block/hatch",
		"hatch": "bubblellaneous:block/hatch"
	},
	"elements": [
		{
			"from": [
				15,
				0,
				-1
			],
			"to": [
				17,
				1,
				17
			],
			"faces": {
				"north": {
					"uv": [
						0,
						9.5,
						1,
						10
					],
					"texture": "#hatch"
				},
				"east": {
					"uv": [
						0,
						9.5,
						9,
						10
					],
					"texture": "#hatch"
				},
				"south": {
					"uv": [
						8,
						9.5,
						9,
						10
					],
					"texture": "#hatch"
				},
				"west": {
					"uv": [
						0,
						9,
						9,
						9.5
					],
					"texture": "#hatch"
				},
				"up": {
					"uv": [
						8,
						0,
						9,
						9
					],
					"texture": "#hatch"
				},
				"down": {
					"uv": [
						8,
						0,
						9,
						9
					],
					"texture": "#hatch"
				}
			}
		},
		{
			"from": [
				-1,
				0,
				-1
			],
			"to": [
				1,
				1,
				17
			],
			"faces": {
				"north": {
					"uv": [
						8,
						9.5,
						9,
						10
					],
					"texture": "#hatch"
				},
				"east": {
					"uv": [
						0,
						9,
						9,
						9.5
					],
					"texture": "#hatch"
				},
				"south": {
					"uv": [
						0,
						9.5,
						1,
						10
					],
					"texture": "#hatch"
				},
				"west": {
					"uv": [
						0,
						9.5,
						9,
						10
					],
					"texture": "#hatch"
				},
				"up": {
					"uv": [
						0,
						0,
						1,
						9
					],
					"texture": "#hatch"
				},
				"down": {
					"uv": [
						0,
						0,
						1,
						9
					],
					"texture": "#hatch"
				}
			}
		},
		{
			"from": [
				1,
				0,
				-1
			],
			"to": [
				15,
				1,
				1
			],
			"faces": {
				"north": {
					"uv": [
						1,
						9.5,
						8,
						10
					],
					"texture": "#hatch"
				},
				"south": {
					"uv": [
						1,
						9,
						8,
						9.5
					],
					"texture": "#hatch"
				},
				"up": {
					"uv": [
						1,
						0,
						8,
						1
					],
					"texture": "#hatch"
				},
				"down": {
					"uv": [
						1,
						8,
						8,
						9
					],
					"texture": "#hatch"
				}
			}
		},
		{
			"from": [
				1,
				0,
				15
			],
			"to": [
				15,
				1,
				17
			],
			"faces": {
				"north": {
					"uv": [
						1,
						9,
						8,
						9.5
					],
					"texture": "#hatch"
				},
				"south": {
					"uv": [
						1,
						9.5,
						8,
						10
					],
					"texture": "#hatch"
				},
				"up": {
					"uv": [
						1,
						8,
						8,
						9
					],
					"texture": "#hatch"
				},
				"down": {
					"uv": [
						1,
						9,
						8,
						8
					],
					"texture": "#hatch"
				}
			}
		}
	]
}
