{
  "sources": [
    {
      "type": "paletted_permutations",
      "textures": [
        "trims/models/armor/coast",
        "trims/models/armor/coast_leggings",
        "trims/models/armor/sentry",
        "trims/models/armor/sentry_leggings",
        "trims/models/armor/dune",
        "trims/models/armor/dune_leggings",
        "trims/models/armor/wild",
        "trims/models/armor/wild_leggings",
        "trims/models/armor/ward",
        "trims/models/armor/ward_leggings",
        "trims/models/armor/eye",
        "trims/models/armor/eye_leggings",
        "trims/models/armor/vex",
        "trims/models/armor/vex_leggings",
        "trims/models/armor/tide",
        "trims/models/armor/tide_leggings",
        "trims/models/armor/snout",
        "trims/models/armor/snout_leggings",
        "trims/models/armor/rib",
        "trims/models/armor/rib_leggings",
        "trims/models/armor/spire",
        "trims/models/armor/spire_leggings",
        "trims/models/armor/wayfinder",
        "trims/models/armor/wayfinder_leggings",
        "trims/models/armor/shaper",
        "trims/models/armor/shaper_leggings",
        "trims/models/armor/silence",
        "trims/models/armor/silence_leggings",
        "trims/models/armor/raiser",
        "trims/models/armor/raiser_leggings",
        "trims/models/armor/host",
        "trims/models/armor/host_leggings",
        "trims/models/armor/flow",
        "trims/models/armor/flow_leggings",
        "trims/models/armor/bolt",
        "trims/models/armor/bolt_leggings"
      ],
      "palette_key": "trims/color_palettes/trim_palette",
      "permutations": {
        "quartz": "trims/color_palettes/quartz",
        "iron": "trims/color_palettes/iron",
        "gold": "trims/color_palettes/gold",
        "diamond": "trims/color_palettes/diamond",
        "netherite": "trims/color_palettes/netherite",
        "redstone": "trims/color_palettes/redstone",
        "copper": "trims/color_palettes/copper",
        "emerald": "trims/color_palettes/emerald",
        "lapis": "trims/color_palettes/lapis",
        "amethyst": "trims/color_palettes/amethyst",
        "iron_darker": "trims/color_palettes/iron_darker",
        "gold_darker": "trims/color_palettes/gold_darker",
        "diamond_darker": "trims/color_palettes/diamond_darker",
        "netherite_darker": "trims/color_palettes/netherite_darker",
        "armadillo_scute": "more_trim_colors:trims/color_palettes/armadillo_scute",
        "blaze": "more_trim_colors:trims/color_palettes/blaze",
        "breeze": "more_trim_colors:trims/color_palettes/breeze",
        "crying_obsidian": "more_trim_colors:trims/color_palettes/crying_obsidian",
        "echo": "more_trim_colors:trims/color_palettes/echo",
        "end_crystal": "more_trim_colors:trims/color_palettes/end_crystal",
        "ender_pearl": "more_trim_colors:trims/color_palettes/ender_pearl",
        "glowstone": "more_trim_colors:trims/color_palettes/glowstone",
        "leather": "more_trim_colors:trims/color_palettes/leather",
        "leather_darker": "more_trim_colors:trims/color_palettes/leather_darker",
        "magma": "more_trim_colors:trims/color_palettes/magma",
        "nautilus": "more_trim_colors:trims/color_palettes/nautilus",
        "nether_star": "more_trim_colors:trims/color_palettes/nether_star",
        "netherite_scrap": "more_trim_colors:trims/color_palettes/netherite_scrap",
        "obsidian": "more_trim_colors:trims/color_palettes/obsidian",
        "phantom": "more_trim_colors:trims/color_palettes/phantom",
        "prismarine": "more_trim_colors:trims/color_palettes/prismarine",
        "prismarine_crystal": "more_trim_colors:trims/color_palettes/prismarine_crystal",
        "rabbit_hide": "more_trim_colors:trims/color_palettes/rabbit_hide",
        "shulker": "more_trim_colors:trims/color_palettes/shulker",
        "slime": "more_trim_colors:trims/color_palettes/slime",
        "turtle_scute": "more_trim_colors:trims/color_palettes/turtle_scute",
        "turtle_scute_darker": "more_trim_colors:trims/color_palettes/turtle_scute_darker",
        "wart": "more_trim_colors:trims/color_palettes/wart",
        "rose_gold": "more_trim_colors:trims/color_palettes/rose_gold"
      }
    }
  ]
}
