{
  "sources": [
    {
      "type": "directory",
      "source": "cookbook",
"prefix": "cookbook/"
  },
  {
      "type": "directory",
      "source": "nutritionbook",
"prefix": "nutritionbook/"
  },
    {
      "type": "directory",
      "source": "tcc_entity",
      "prefix": "entity/"
    },
    {
      "type": "single",
      "resource": "entity/witch"
    },
    {
      "type": "directory",
      "source": "cookbook",
      "prefix": "cookbook/"
    },
    {
      "type": "directory",
      "source": "nutritionbook",
      "prefix": "nutritionbook/"
    },
    {
      "type": "paletted_permutations",
      "textures": [
        "tcc:item/diluted_potion/0",
        "tcc:item/diluted_potion/1",
        "tcc:item/diluted_potion/2",
        "tcc:item/diluted_potion/3",
        "tcc:item/diluted_potion/4",
        "tcc:item/diluted_potion/5",
        "tcc:item/diluted_potion/6",
        "tcc:item/diluted_potion/7",
        "tcc:item/diluted_potion/8",
        "tcc:item/diluted_potion/9"
      ],
      "palette_key": "tcc:item/diluted_potion/palettes/key",
      "permutations": {
        "blind_rage": "tcc:item/diluted_potion/palettes/blind_rage",
        "fire_resistance": "tcc:item/diluted_potion/palettes/fire_resistance",
        "fortitude": "tcc:item/diluted_potion/palettes/fortitude",
        "harming": "tcc:item/diluted_potion/palettes/harming",
        "healing": "tcc:item/diluted_potion/palettes/healing",
        "infested": "tcc:item/diluted_potion/palettes/infested",
        "invisibility": "tcc:item/diluted_potion/palettes/invisibility",
        "leaping": "tcc:item/diluted_potion/palettes/leaping",
        "luck": "tcc:item/diluted_potion/palettes/luck",
        "nausea": "tcc:item/diluted_potion/palettes/nausea",
        "night_vision": "tcc:item/diluted_potion/palettes/night_vision",
        "oozing": "tcc:item/diluted_potion/palettes/oozing",
        "poison": "tcc:item/diluted_potion/palettes/poison",
        "regeneration": "tcc:item/diluted_potion/palettes/regeneration",
        "slow_falling": "tcc:item/diluted_potion/palettes/slow_falling",
        "slowness": "tcc:item/diluted_potion/palettes/slowness",
        "strength": "tcc:item/diluted_potion/palettes/strength",
        "swiftness": "tcc:item/diluted_potion/palettes/swiftness",
        "turtle_master": "tcc:item/diluted_potion/palettes/turtle_master",
        "uncraftable": "tcc:item/diluted_potion/palettes/uncraftable",
        "water": "tcc:item/diluted_potion/palettes/water",
        "water_breathing": "tcc:item/diluted_potion/palettes/water_breathing",
        "weakness": "tcc:item/diluted_potion/palettes/weakness",
        "weaving": "tcc:item/diluted_potion/palettes/weaving",
        "wind_charged": "tcc:item/diluted_potion/palettes/wind_charged"
      }
    },
    {
      "type": "paletted_permutations",
      "textures": [
        "trims/items/boots_trim",
        "trims/items/chestplate_trim",
        "trims/items/helmet_trim",
        "trims/items/leggings_trim"
      ],
      "palette_key": "trims/color_palettes/trim_palette",
      "permutations": {
        "redstone": "trims/color_palettes/redstone",
        "copper": "trims/color_palettes/copper",
        "gold": "trims/color_palettes/gold",
        "emerald": "trims/color_palettes/emerald",
        "diamond": "trims/color_palettes/diamond",
        "lapis": "trims/color_palettes/lapis",
        "amethyst": "trims/color_palettes/amethyst",
        "quartz": "trims/color_palettes/quartz",
        "iron": "trims/color_palettes/iron",
        "netherite": "trims/color_palettes/netherite",
        "iron_darker": "trims/color_palettes/iron_darker",
        "gold_darker": "trims/color_palettes/gold_darker",
        "diamond_darker": "trims/color_palettes/diamond_darker",
        "netherite_darker": "trims/color_palettes/netherite_darker",
        "armadillo_scute": "more_trim_colors:trims/color_palettes/armadillo_scute",
        "blaze": "more_trim_colors:trims/color_palettes/blaze",
        "breeze": "more_trim_colors:trims/color_palettes/breeze",
        "crying_obsidian": "more_trim_colors:trims/color_palettes/crying_obsidian",
        "echo": "more_trim_colors:trims/color_palettes/echo",
        "end_crystal": "more_trim_colors:trims/color_palettes/end_crystal",
        "ender_pearl": "more_trim_colors:trims/color_palettes/ender_pearl",
        "glowstone": "more_trim_colors:trims/color_palettes/glowstone",
        "leather": "more_trim_colors:trims/color_palettes/leather",
        "leather_darker": "more_trim_colors:trims/color_palettes/leather_darker",
        "magma": "more_trim_colors:trims/color_palettes/magma",
        "nautilus": "more_trim_colors:trims/color_palettes/nautilus",
        "nether_star": "more_trim_colors:trims/color_palettes/nether_star",
        "netherite_scrap": "more_trim_colors:trims/color_palettes/netherite_scrap",
        "obsidian": "more_trim_colors:trims/color_palettes/obsidian",
        "phantom": "more_trim_colors:trims/color_palettes/phantom",
        "prismarine": "more_trim_colors:trims/color_palettes/prismarine",
        "prismarine_crystal": "more_trim_colors:trims/color_palettes/prismarine_crystal",
        "rabbit_hide": "more_trim_colors:trims/color_palettes/rabbit_hide",
        "shulker": "more_trim_colors:trims/color_palettes/shulker",
        "slime": "more_trim_colors:trims/color_palettes/slime",
        "turtle_scute": "more_trim_colors:trims/color_palettes/turtle_scute",
        "turtle_scute_darker": "more_trim_colors:trims/color_palettes/turtle_scute_darker",
        "wart": "more_trim_colors:trims/color_palettes/wart",
        "rose_gold": "more_trim_colors:trims/color_palettes/rose_gold"
      }
    },
    {
      "type": "paletted_permutations",
      "textures": [
        "trims/items/boots_trim",
        "trims/items/chestplate_trim",
        "trims/items/helmet_trim",
        "trims/items/leggings_trim",
        "trimmed_tools:trims/items/sword_trim",
        "trimmed_tools:trims/items/pickaxe_trim",
        "trimmed_tools:trims/items/axe_trim",
        "trimmed_tools:trims/items/shovel_trim",
        "trimmed_tools:trims/items/hoe_trim"
      ],
      "palette_key": "trims/color_palettes/trim_palette",
      "permutations": {
        "redstone": "trims/color_palettes/redstone",
        "copper": "trims/color_palettes/copper",
        "gold": "trims/color_palettes/gold",
        "emerald": "trims/color_palettes/emerald",
        "diamond": "trims/color_palettes/diamond",
        "lapis": "trims/color_palettes/lapis",
        "amethyst": "trims/color_palettes/amethyst",
        "quartz": "trims/color_palettes/quartz",
        "iron": "trims/color_palettes/iron",
        "netherite": "trims/color_palettes/netherite",
        "iron_darker": "trims/color_palettes/iron_darker",
        "gold_darker": "trims/color_palettes/gold_darker",
        "diamond_darker": "trims/color_palettes/diamond_darker",
        "netherite_darker": "trims/color_palettes/netherite_darker",
        "armadillo_scute": "more_trim_colors:trims/color_palettes/armadillo_scute",
        "blaze": "more_trim_colors:trims/color_palettes/blaze",
        "breeze": "more_trim_colors:trims/color_palettes/breeze",
        "crying_obsidian": "more_trim_colors:trims/color_palettes/crying_obsidian",
        "echo": "more_trim_colors:trims/color_palettes/echo",
        "end_crystal": "more_trim_colors:trims/color_palettes/end_crystal",
        "ender_pearl": "more_trim_colors:trims/color_palettes/ender_pearl",
        "glowstone": "more_trim_colors:trims/color_palettes/glowstone",
        "leather": "more_trim_colors:trims/color_palettes/leather",
        "leather_darker": "more_trim_colors:trims/color_palettes/leather_darker",
        "magma": "more_trim_colors:trims/color_palettes/magma",
        "nautilus": "more_trim_colors:trims/color_palettes/nautilus",
        "nether_star": "more_trim_colors:trims/color_palettes/nether_star",
        "netherite_scrap": "more_trim_colors:trims/color_palettes/netherite_scrap",
        "obsidian": "more_trim_colors:trims/color_palettes/obsidian",
        "phantom": "more_trim_colors:trims/color_palettes/phantom",
        "prismarine": "more_trim_colors:trims/color_palettes/prismarine",
        "prismarine_crystal": "more_trim_colors:trims/color_palettes/prismarine_crystal",
        "rabbit_hide": "more_trim_colors:trims/color_palettes/rabbit_hide",
        "shulker": "more_trim_colors:trims/color_palettes/shulker",
        "slime": "more_trim_colors:trims/color_palettes/slime",
        "turtle_scute": "more_trim_colors:trims/color_palettes/turtle_scute",
        "turtle_scute_darker": "more_trim_colors:trims/color_palettes/turtle_scute_darker",
        "wart": "more_trim_colors:trims/color_palettes/wart",
        "rose_gold": "more_trim_colors:trims/color_palettes/rose_gold"
      }
    }
  ]
}