{
  "parent": "minecraft:item/generated",
  "textures": {
    "layer0": "minecraft:item/angler_pottery_sherd"
  },
  "overrides": [
    {
      "predicate": {
        "custom_model_data": 330001
      },
      "model": "tcc:item/pottery_sherd/nether_brick/armor"
    },
    {
      "predicate": {
        "custom_model_data": 330002
      },
      "model": "tcc:item/pottery_sherd/nether_brick/beast"
    },
    {
      "predicate": {
        "custom_model_data": 330003
      },
      "model": "tcc:item/pottery_sherd/nether_brick/spirit"
    },
    {
      "predicate": {
        "custom_model_data": 330004
      },
      "model": "tcc:item/pottery_sherd/nether_brick/crop"
    },
    {
      "predicate": {
        "custom_model_data": 330005
      },
      "model": "tcc:item/pottery_sherd/nether_brick/detection"
    },
    {
      "predicate": {
        "custom_model_data": 330006
      },
      "model": "tcc:item/pottery_sherd/nether_brick/escape"
    },
    {
      "predicate": {
        "custom_model_data": 330007
      },
      "model": "tcc:item/pottery_sherd/nether_brick/flame"
    },
    {
      "predicate": {
        "custom_model_data": 330008
      },
      "model": "tcc:item/pottery_sherd/nether_brick/horror"
    },
    {
      "predicate": {
        "custom_model_data": 330009
      },
      "model": "tcc:item/pottery_sherd/nether_brick/hunter"
    },
    {
      "predicate": {
        "custom_model_data": 330010
      },
      "model": "tcc:item/pottery_sherd/nether_brick/mount"
    },
    {
      "predicate": {
        "custom_model_data": 330011
      },
      "model": "tcc:item/pottery_sherd/nether_brick/portal"
    },
    {
      "predicate": {
        "custom_model_data": 330012
      },
      "model": "tcc:item/pottery_sherd/nether_brick/ranger"
    },
    {
      "predicate": {
        "custom_model_data": 330013
      },
      "model": "tcc:item/pottery_sherd/nether_brick/riches"
    },
    {
      "predicate": {
        "custom_model_data": 330014
      },
      "model": "tcc:item/pottery_sherd/nether_brick/sorrow"
    },
    {
      "predicate": {
        "custom_model_data": 330015
      },
      "model": "tcc:item/pottery_sherd/nether_brick/star"
    },
    {
      "predicate": {
        "custom_model_data": 330017
      },
      "model": "tcc:item/pottery_sherd/prismarine/artifact"
    },
    {
      "predicate": {
        "custom_model_data": 330018
      },
      "model": "tcc:item/pottery_sherd/prismarine/catch"
    },
    {
      "predicate": {
        "custom_model_data": 330019
      },
      "model": "tcc:item/pottery_sherd/prismarine/idol"
    },
    {
      "predicate": {
        "custom_model_data": 330020
      },
      "model": "tcc:item/pottery_sherd/prismarine/ink"
    },
    {
      "predicate": {
        "custom_model_data": 330021
      },
      "model": "tcc:item/pottery_sherd/prismarine/pickle"
    },
    {
      "predicate": {
        "custom_model_data": 330022
      },
      "model": "tcc:item/pottery_sherd/prismarine/protector"
    },
    {
      "predicate": {
        "custom_model_data": 330023
      },
      "model": "tcc:item/pottery_sherd/prismarine/reef"
    },
    {
      "predicate": {
        "custom_model_data": 330024
      },
      "model": "tcc:item/pottery_sherd/prismarine/shell"
    },
    {
      "predicate": {
        "custom_model_data": 330025
      },
      "model": "tcc:item/pottery_sherd/prismarine/turtle"
    },
    {
      "predicate": {
        "custom_model_data": 330026
      },
      "model": "tcc:item/pottery_sherd/prismarine/voyager"
    }
  ]
}