{
  "parent": "item/generated",
  "textures": {
    "layer0": "item/glistering_melon_slice"
  },
  "overrides": [
    {
      "predicate": {
        "custom_model_data": 330000
      },
      "model": "tcc:item/amethyst_dust"
    },
    {
      "predicate": {
        "custom_model_data": 330001
      },
      "model": "tcc:item/warped_wart"
    },
    {
      "predicate": {
        "custom_model_data": 330002
      },
      "model": "tcc:item/sightless_eye"
    },
    {
      "predicate": {
        "custom_model_data": 330003
      },
      "model": "tcc:item/heartbeet"
    }
  ]
}