{
  "parent": "minecraft:item/generated",
  "overrides": [
    {
      "model": "minecraft:item/golden_chestplate_quartz_trim",
      "predicate": {
        "trim_type": 0.1
      }
    },
    {
      "model": "more_trim_colors:item/golden_chestplate_blaze_trim",
      "predicate": {
        "trim_type": 0.110
      }
    },
    {
      "model": "more_trim_colors:item/golden_chestplate_crying_obsidian_trim",
      "predicate": {
        "trim_type": 0.111
      }
    },
    {
      "model": "more_trim_colors:item/golden_chestplate_echo_trim",
      "predicate": {
        "trim_type": 0.112
      }
    },
    {
      "model": "more_trim_colors:item/golden_chestplate_end_crystal_trim",
      "predicate": {
        "trim_type": 0.113
      }
    },
    {
      "model": "more_trim_colors:item/golden_chestplate_ender_pearl_trim",
      "predicate": {
        "trim_type": 0.114
      }
    },
    {
      "model": "more_trim_colors:item/golden_chestplate_glowstone_trim",
      "predicate": {
        "trim_type": 0.115
      }
    },
    {
      "model": "more_trim_colors:item/golden_chestplate_leather_trim",
      "predicate": {
        "trim_type": 0.116
      }
    },
    {
      "model": "more_trim_colors:item/golden_chestplate_magma_trim",
      "predicate": {
        "trim_type": 0.117
      }
    },
    {
      "model": "more_trim_colors:item/golden_chestplate_nautilus_trim",
      "predicate": {
        "trim_type": 0.118
      }
    },
    {
      "model": "more_trim_colors:item/golden_chestplate_nether_star_trim",
      "predicate": {
        "trim_type": 0.119
      }
    },
    {
      "model": "more_trim_colors:item/golden_chestplate_netherite_scrap_trim",
      "predicate": {
        "trim_type": 0.120
      }
    },
    {
      "model": "more_trim_colors:item/golden_chestplate_obsidian_trim",
      "predicate": {
        "trim_type": 0.121
      }
    },
    {
      "model": "more_trim_colors:item/golden_chestplate_phantom_trim",
      "predicate": {
        "trim_type": 0.122
      }
    },
    {
      "model": "more_trim_colors:item/golden_chestplate_prismarine_trim",
      "predicate": {
        "trim_type": 0.123
      }
    },
    {
      "model": "more_trim_colors:item/golden_chestplate_prismarine_crystal_trim",
      "predicate": {
        "trim_type": 0.124
      }
    },
    {
      "model": "more_trim_colors:item/golden_chestplate_rabbit_hide_trim",
      "predicate": {
        "trim_type": 0.125
      }
    },
    {
      "model": "more_trim_colors:item/golden_chestplate_shulker_trim",
      "predicate": {
        "trim_type": 0.126
      }
    },
    {
      "model": "more_trim_colors:item/golden_chestplate_slime_trim",
      "predicate": {
        "trim_type": 0.127
      }
    },
    {
      "model": "more_trim_colors:item/golden_chestplate_turtle_scute_trim",
      "predicate": {
        "trim_type": 0.128
      }
    },
    {
      "model": "more_trim_colors:item/golden_chestplate_wart_trim",
      "predicate": {
        "trim_type": 0.129
      }
    },
    {
      "model": "more_trim_colors:item/golden_chestplate_armadillo_scute_trim",
      "predicate": {
        "trim_type": 0.130
      }
    },
    {
      "model": "more_trim_colors:item/golden_chestplate_breeze_trim",
      "predicate": {
        "trim_type": 0.131
      }
    },
    {
      "model": "more_trim_colors:item/golden_chestplate_rose_gold_trim",
      "predicate": {
        "trim_type": 0.132
      }
    },
    {
      "model": "minecraft:item/golden_chestplate_iron_trim",
      "predicate": {
        "trim_type": 0.2
      }
    },
    {
      "model": "minecraft:item/golden_chestplate_netherite_trim",
      "predicate": {
        "trim_type": 0.3
      }
    },
    {
      "model": "minecraft:item/golden_chestplate_redstone_trim",
      "predicate": {
        "trim_type": 0.4
      }
    },
    {
      "model": "minecraft:item/golden_chestplate_copper_trim",
      "predicate": {
        "trim_type": 0.5
      }
    },
    {
      "model": "minecraft:item/golden_chestplate_gold_darker_trim",
      "predicate": {
        "trim_type": 0.6
      }
    },
    {
      "model": "minecraft:item/golden_chestplate_emerald_trim",
      "predicate": {
        "trim_type": 0.7
      }
    },
    {
      "model": "minecraft:item/golden_chestplate_diamond_trim",
      "predicate": {
        "trim_type": 0.8
      }
    },
    {
      "model": "minecraft:item/golden_chestplate_lapis_trim",
      "predicate": {
        "trim_type": 0.9
      }
    },
    {
      "model": "minecraft:item/golden_chestplate_amethyst_trim",
      "predicate": {
        "trim_type": 1.0
      }
    }
  ],
  "textures": {
    "layer0": "minecraft:item/golden_chestplate"
  }
}