{
  "parent": "minecraft:item/generated",
  "textures": {
    "layer0": "minecraft:item/golden_helmet"
  },
  "overrides": [
    {
      "predicate": {
        "custom_model_data": 330001
      },
      "model": "tcc:item/cursed_crown"
    },
    {
      "model": "minecraft:item/golden_helmet_quartz_trim",
      "predicate": {
        "trim_type": 0.1
      }
    },
    {
      "model": "more_trim_colors:item/golden_helmet_blaze_trim",
      "predicate": {
        "trim_type": 0.110
      }
    },
    {
      "model": "more_trim_colors:item/golden_helmet_crying_obsidian_trim",
      "predicate": {
        "trim_type": 0.111
      }
    },
    {
      "model": "more_trim_colors:item/golden_helmet_echo_trim",
      "predicate": {
        "trim_type": 0.112
      }
    },
    {
      "model": "more_trim_colors:item/golden_helmet_end_crystal_trim",
      "predicate": {
        "trim_type": 0.113
      }
    },
    {
      "model": "more_trim_colors:item/golden_helmet_ender_pearl_trim",
      "predicate": {
        "trim_type": 0.114
      }
    },
    {
      "model": "more_trim_colors:item/golden_helmet_glowstone_trim",
      "predicate": {
        "trim_type": 0.115
      }
    },
    {
      "model": "more_trim_colors:item/golden_helmet_leather_trim",
      "predicate": {
        "trim_type": 0.116
      }
    },
    {
      "model": "more_trim_colors:item/golden_helmet_magma_trim",
      "predicate": {
        "trim_type": 0.117
      }
    },
    {
      "model": "more_trim_colors:item/golden_helmet_nautilus_trim",
      "predicate": {
        "trim_type": 0.118
      }
    },
    {
      "model": "more_trim_colors:item/golden_helmet_nether_star_trim",
      "predicate": {
        "trim_type": 0.119
      }
    },
    {
      "model": "more_trim_colors:item/golden_helmet_netherite_scrap_trim",
      "predicate": {
        "trim_type": 0.120
      }
    },
    {
      "model": "more_trim_colors:item/golden_helmet_obsidian_trim",
      "predicate": {
        "trim_type": 0.121
      }
    },
    {
      "model": "more_trim_colors:item/golden_helmet_phantom_trim",
      "predicate": {
        "trim_type": 0.122
      }
    },
    {
      "model": "more_trim_colors:item/golden_helmet_prismarine_trim",
      "predicate": {
        "trim_type": 0.123
      }
    },
    {
      "model": "more_trim_colors:item/golden_helmet_prismarine_crystal_trim",
      "predicate": {
        "trim_type": 0.124
      }
    },
    {
      "model": "more_trim_colors:item/golden_helmet_rabbit_hide_trim",
      "predicate": {
        "trim_type": 0.125
      }
    },
    {
      "model": "more_trim_colors:item/golden_helmet_shulker_trim",
      "predicate": {
        "trim_type": 0.126
      }
    },
    {
      "model": "more_trim_colors:item/golden_helmet_slime_trim",
      "predicate": {
        "trim_type": 0.127
      }
    },
    {
      "model": "more_trim_colors:item/golden_helmet_turtle_scute_trim",
      "predicate": {
        "trim_type": 0.128
      }
    },
    {
      "model": "more_trim_colors:item/golden_helmet_wart_trim",
      "predicate": {
        "trim_type": 0.129
      }
    },
    {
      "model": "more_trim_colors:item/golden_helmet_armadillo_scute_trim",
      "predicate": {
        "trim_type": 0.130
      }
    },
    {
      "model": "more_trim_colors:item/golden_helmet_breeze_trim",
      "predicate": {
        "trim_type": 0.131
      }
    },
    {
      "model": "more_trim_colors:item/golden_helmet_rose_gold_trim",
      "predicate": {
        "trim_type": 0.132
      }
    },
    {
      "model": "minecraft:item/golden_helmet_iron_trim",
      "predicate": {
        "trim_type": 0.2
      }
    },
    {
      "model": "minecraft:item/golden_helmet_netherite_trim",
      "predicate": {
        "trim_type": 0.3
      }
    },
    {
      "model": "minecraft:item/golden_helmet_redstone_trim",
      "predicate": {
        "trim_type": 0.4
      }
    },
    {
      "model": "minecraft:item/golden_helmet_copper_trim",
      "predicate": {
        "trim_type": 0.5
      }
    },
    {
      "model": "minecraft:item/golden_helmet_gold_darker_trim",
      "predicate": {
        "trim_type": 0.6
      }
    },
    {
      "model": "minecraft:item/golden_helmet_emerald_trim",
      "predicate": {
        "trim_type": 0.7
      }
    },
    {
      "model": "minecraft:item/golden_helmet_diamond_trim",
      "predicate": {
        "trim_type": 0.8
      }
    },
    {
      "model": "minecraft:item/golden_helmet_lapis_trim",
      "predicate": {
        "trim_type": 0.9
      }
    },
    {
      "model": "minecraft:item/golden_helmet_amethyst_trim",
      "predicate": {
        "trim_type": 1.0
      }
    }
  ]
}
