{
  "parent": "item/generated",
  "textures": {
    "layer0": "item/poisonous_potato"
  },
  "overrides": [
    {
      "predicate": {
        "custom_model_data": 330000
      },
      "model": "tcc:item/apple_pie"
    },
    {
      "predicate": {
        "custom_model_data": 330001
      },
      "model": "tcc:item/enchanted_golden_apple_pie"
    },
    {
      "predicate": {
        "custom_model_data": 330002
      },
      "model": "tcc:item/frostbloom_petals"
    },
    {
      "predicate": {
        "custom_model_data": 330003
      },
      "model": "tcc:item/glow_berry_muffin"
    },
    {
      "predicate": {
        "custom_model_data": 330004
      },
      "model": "tcc:item/golden_apple_pie"
    },
    {
      "predicate": {
        "custom_model_data": 330005
      },
      "model": "tcc:item/golden_chorus_fruit"
    },
    {
      "predicate": {
        "custom_model_data": 330006
      },
      "model": "tcc:item/sweet_berry_muffin"
    }
  ]
}
