{
  "parent": "minecraft:item/handheld",
  "overrides": [
    {
      "model": "trimmed_tools:item/stone_hoe_quartz_trim",
      "predicate": {
        "trim_type": 0.1
      }
    },
    {
      "model": "more_trim_colors_compatibility:item/stone_hoe_blaze_trim",
      "predicate": {
        "trim_type": 0.110
      }
    },
    {
      "model": "more_trim_colors_compatibility:item/stone_hoe_crying_obsidian_trim",
      "predicate": {
        "trim_type": 0.111
      }
    },
    {
      "model": "more_trim_colors_compatibility:item/stone_hoe_echo_trim",
      "predicate": {
        "trim_type": 0.112
      }
    },
    {
      "model": "more_trim_colors_compatibility:item/stone_hoe_end_crystal_trim",
      "predicate": {
        "trim_type": 0.113
      }
    },
    {
      "model": "more_trim_colors_compatibility:item/stone_hoe_ender_pearl_trim",
      "predicate": {
        "trim_type": 0.114
      }
    },
    {
      "model": "more_trim_colors_compatibility:item/stone_hoe_glowstone_trim",
      "predicate": {
        "trim_type": 0.115
      }
    },
    {
      "model": "more_trim_colors_compatibility:item/stone_hoe_leather_trim",
      "predicate": {
        "trim_type": 0.116
      }
    },
    {
      "model": "more_trim_colors_compatibility:item/stone_hoe_magma_trim",
      "predicate": {
        "trim_type": 0.117
      }
    },
    {
      "model": "more_trim_colors_compatibility:item/stone_hoe_nautilus_trim",
      "predicate": {
        "trim_type": 0.118
      }
    },
    {
      "model": "more_trim_colors_compatibility:item/stone_hoe_nether_star_trim",
      "predicate": {
        "trim_type": 0.119
      }
    },
    {
      "model": "more_trim_colors_compatibility:item/stone_hoe_netherite_scrap_trim",
      "predicate": {
        "trim_type": 0.120
      }
    },
    {
      "model": "more_trim_colors_compatibility:item/stone_hoe_obsidian_trim",
      "predicate": {
        "trim_type": 0.121
      }
    },
    {
      "model": "more_trim_colors_compatibility:item/stone_hoe_phantom_trim",
      "predicate": {
        "trim_type": 0.122
      }
    },
    {
      "model": "more_trim_colors_compatibility:item/stone_hoe_prismarine_trim",
      "predicate": {
        "trim_type": 0.123
      }
    },
    {
      "model": "more_trim_colors_compatibility:item/stone_hoe_prismarine_crystal_trim",
      "predicate": {
        "trim_type": 0.124
      }
    },
    {
      "model": "more_trim_colors_compatibility:item/stone_hoe_rabbit_hide_trim",
      "predicate": {
        "trim_type": 0.125
      }
    },
    {
      "model": "more_trim_colors_compatibility:item/stone_hoe_shulker_trim",
      "predicate": {
        "trim_type": 0.126
      }
    },
    {
      "model": "more_trim_colors_compatibility:item/stone_hoe_slime_trim",
      "predicate": {
        "trim_type": 0.127
      }
    },
    {
      "model": "more_trim_colors_compatibility:item/stone_hoe_turtle_scute_trim",
      "predicate": {
        "trim_type": 0.128
      }
    },
    {
      "model": "more_trim_colors_compatibility:item/stone_hoe_wart_trim",
      "predicate": {
        "trim_type": 0.129
      }
    },
    {
      "model": "more_trim_colors_compatibility:item/stone_hoe_armadillo_scute_trim",
      "predicate": {
        "trim_type": 0.130
      }
    },
    {
      "model": "more_trim_colors_compatibility:item/stone_hoe_breeze_trim",
      "predicate": {
        "trim_type": 0.131
      }
    },
    {
      "model": "more_trim_colors_compatibility:item/stone_hoe_rose_gold_trim",
      "predicate": {
        "trim_type": 0.132
      }
    },
    {
      "model": "trimmed_tools:item/stone_hoe_iron_trim",
      "predicate": {
        "trim_type": 0.2
      }
    },
    {
      "model": "trimmed_tools:item/stone_hoe_netherite_trim",
      "predicate": {
        "trim_type": 0.3
      }
    },
    {
      "model": "trimmed_tools:item/stone_hoe_redstone_trim",
      "predicate": {
        "trim_type": 0.4
      }
    },
    {
      "model": "trimmed_tools:item/stone_hoe_copper_trim",
      "predicate": {
        "trim_type": 0.5
      }
    },
    {
      "model": "trimmed_tools:item/stone_hoe_gold_trim",
      "predicate": {
        "trim_type": 0.6
      }
    },
    {
      "model": "trimmed_tools:item/stone_hoe_emerald_trim",
      "predicate": {
        "trim_type": 0.7
      }
    },
    {
      "model": "trimmed_tools:item/stone_hoe_diamond_trim",
      "predicate": {
        "trim_type": 0.8
      }
    },
    {
      "model": "trimmed_tools:item/stone_hoe_lapis_trim",
      "predicate": {
        "trim_type": 0.9
      }
    },
    {
      "model": "trimmed_tools:item/stone_hoe_amethyst_trim",
      "predicate": {
        "trim_type": 1.0
      }
    }
  ],
  "textures": {
    "layer0": "minecraft:item/stone_hoe"
  }
}