{
	"credit": "Bubblellaneous - by bbfh",
	"parent": "minecraft:block/block",
	"textures": {
		"0": "bubblellaneous:block/pipe",
		"particle": "bubblellaneous:block/pipe"
	},
	"elements": [
		{
			"from": [
				6,
				6,
				0
			],
			"to": [
				10,
				10,
				16
			],
			"rotation": {
				"angle": 0,
				"axis": "y",
				"origin": [
					8,
					8,
					8
				]
			},
			"faces": {
				"north": {
					"uv": [
						0,
						8,
						4,
						12
					],
					"texture": "#0",
					"cullface": "north"
				},
				"east": {
					"uv": [
						0,
						0,
						16,
						4
					],
					"texture": "#0"
				},
				"south": {
					"uv": [
						4,
						8,
						8,
						12
					],
					"texture": "#0",
					"cullface": "south"
				},
				"west": {
					"uv": [
						0,
						0,
						16,
						4
					],
					"texture": "#0"
				},
				"up": {
					"uv": [
						0,
						0,
						16,
						4
					],
					"rotation": 90,
					"texture": "#0"
				},
				"down": {
					"uv": [
						0,
						4,
						16,
						8
					],
					"rotation": 90,
					"texture": "#0"
				}
			}
		}
	]
}
