{
	"credit": "Bubblellaneous - by bbfh",
	"parent": "minecraft:block/block",
	"textures": {
		"0": "bubblellaneous:block/pole",
		"particle": "bubblellaneous:block/pole"
	},
	"elements": [
		{
			"from": [
				6,
				0,
				6
			],
			"to": [
				10,
				16,
				10
			],
			"faces": {
				"north": {
					"uv": [
						0,
						0,
						4,
						16
					],
					"texture": "#0"
				},
				"east": {
					"uv": [
						0,
						0,
						4,
						16
					],
					"texture": "#0"
				},
				"south": {
					"uv": [
						0,
						0,
						4,
						16
					],
					"texture": "#0"
				},
				"west": {
					"uv": [
						0,
						0,
						4,
						16
					],
					"texture": "#0"
				},
				"up": {
					"uv": [
						4,
						0,
						8,
						4
					],
					"texture": "#0",
					"cullface": "up"
				},
				"down": {
					"uv": [
						4,
						0,
						8,
						4
					],
					"texture": "#0",
					"cullface": "down"
				}
			}
		}
	],
	"display": {
		"gui": {
			"rotation": [
				30,
				-135,
				0
			],
			"scale": [
				0.8,
				0.8,
				0.8
			]
		}
	}
}
