{
	"credit": "Bubblellaneous - by bbfh",
	"parent": "minecraft:block/block",
	"texture_size": [
		32,
		32
	],
	"textures": {
		"0": "bubblellaneous:block/speakers",
		"particle": "bubblellaneous:block/speakers"
	},
	"elements": [
		{
			"from": [
				0,
				0,
				0
			],
			"to": [
				16,
				16,
				16
			],
			"faces": {
				"north": {
					"uv": [
						8,
						0,
						16,
						8
					],
					"texture": "#0"
				},
				"east": {
					"uv": [
						0,
						0,
						8,
						8
					],
					"texture": "#0"
				},
				"south": {
					"uv": [
						8,
						0,
						0,
						8
					],
					"texture": "#0"
				},
				"west": {
					"uv": [
						0,
						0,
						8,
						8
					],
					"texture": "#0"
				},
				"up": {
					"uv": [
						0,
						0,
						8,
						8
					],
					"texture": "#0"
				},
				"down": {
					"uv": [
						8,
						0,
						0,
						8
					],
					"texture": "#0"
				}
			}
		}
	]
}
